Module,asco_connection,cancernet,practicecentral,tapur,volunteer
"Edge Fonts (edge_fonts)","Not installed","Not installed","Not installed","Not installed","Not installed"
"Font Squirrel API (fontsquirrel)","Not installed","Not installed","Not installed","Not installed","Not installed"
"Fontdeck (fontdeck)","Not installed","Not installed","Not installed","Not installed","Not installed"
"Fonts.com (fonts_com)","Not installed","Not installed","Not installed","Not installed","Not installed"
"Local Fonts (local_fonts)","Not installed","Not installed","Not installed","Not installed","Not installed"
"Typekit API (typekit_api)","Not installed","Not installed","Not installed","Not installed","Not installed"
"WYSIWYG for @font-your-face (fontyourface_wysiwyg)","Not installed","Not installed","Not installed","Not installed","Not installed"
"Simple Access (simple_access)","Not installed","Not installed","Not installed","Not installed","Not installed"
"Acquia agent (acquia_agent)",Disabled,Disabled,"Not installed","Not installed","Not installed"
"Acquia search (acquia_search)",Disabled,Disabled,"Not installed","Not installed","Not installed"
"Acquia Site Profile Information (acquia_spi)","Not installed",Disabled,"Not installed","Not installed","Not installed"
"Acquia Purge (acquia_purge)","Not installed","Not installed","Not installed","Not installed","Not installed"
"Total Control (total_control)","Not installed","Not installed","Not installed","Not installed","Not installed"
"AdvAgg Async Font Loader (advagg_font)","Not installed","Not installed","Not installed","Not installed","Not installed"
"AdvAgg Critical CSS (advagg_critical_css)","Not installed","Not installed","Not installed","Not installed","Not installed"
"AdvAgg CSS/JS Validator (advagg_validator)","Not installed","Not installed","Not installed","Not installed","Not installed"
"AdvAgg External Compression (advagg_ext_compress)","Not installed","Not installed","Not installed","Not installed","Not installed"
"AdvAgg Relocate (advagg_relocate)","Not installed","Not installed","Not installed","Not installed","Not installed"
"AdvAgg Subresource Integrity (advagg_sri)","Not installed","Not installed","Not installed","Not installed","Not installed"
"Abstract Content Type (abstract_content_type)","Not installed","Not installed","Not installed","Not installed","Not installed"
"ASCO Account (asco_account)","Not installed",Disabled,"Not installed","Not installed","Not installed"
"ASCO AiA Feed Parser (asco_aia_feed_parser)","Not installed","Not installed","Not installed","Not installed","Not installed"
"ASCO Bulk Fie Upload (asco_bulk_file_upload)","Not installed","Not installed","Not installed","Not installed","Not installed"
"ASCO CloudService (asco_cloudservice)","Not installed",Disabled,"Not installed","Not installed","Not installed"
"ASCO Cookie Manager (asco_cookie)","Not installed",Disabled,"Not installed","Not installed","Not installed"
"ASCO Course Enrollment (asco_enroll)","Not installed","Not installed","Not installed","Not installed","Not installed"
"ASCO Directory Service (asco_directoryservice)",Disabled,Disabled,"Not installed","Not installed","Not installed"
"ASCO eBook Manager (asco_ebook)","Not installed","Not installed","Not installed","Not installed","Not installed"
"ASCO EdBook Metadata (asco_edbook_metadata)","Not installed","Not installed","Not installed","Not installed","Not installed"
"ASCO EdBook PubMed (asco_edbook_pubmed)","Not installed","Not installed","Not installed","Not installed","Not installed"
"ASCO iTunes U (asco_itunes_u)","Not installed","Not installed","Not installed","Not installed","Not installed"
"ASCO Member Status (asco_member_status)","Not installed","Not installed","Not installed","Not installed","Not installed"
"ASCO ML URL (asco_mlurl)","Not installed","Not installed","Not installed","Not installed","Not installed"
"ASCO My Products (asco_my_products)","Not installed","Not installed","Not installed","Not installed","Not installed"
"ASCO NetScore (asco_netscore)","Not installed","Not installed","Not installed","Not installed","Not installed"
"ASCO Profile Service (asco_profileservice)",Disabled,Disabled,"Not installed","Not installed","Not installed"
"ASCO Session End (asco_session_end)","Not installed","Not installed","Not installed","Not installed","Not installed"
"ASCO Solr Content Type Merge (asco_solr_contenttype_merge)","Not installed","Not installed","Not installed","Not installed","Not installed"
"ASCO solr facet customization (asco_solrfacet)","Not installed","Not installed","Not installed","Not installed","Not installed"
"ASCO SSO (asco_sso)","Not installed",Disabled,Disabled,Disabled,Disabled
"ASCO SSO 2.0 (asco_sso2)",Disabled,"Not installed","Not installed","Not installed","Not installed"
"ASCO SSO Badge (asco_sso_badge)","Not installed","Not installed","Not installed","Not installed","Not installed"
"ASCO SSO Vendor (asco_sso_vendor)","Not installed","Not installed","Not installed","Not installed","Not installed"
"ASCO User Profile (asco_profile)",Disabled,Disabled,"Not installed","Not installed","Not installed"
"ASCO VM Access (asco_vmaccess)","Not installed","Not installed","Not installed","Not installed","Not installed"
"ASCO VM Player (asco_vmplayer)","Not installed","Not installed","Not installed","Not installed","Not installed"
"ASCO Web Service Tester (asco_webservice_tester)","Not installed","Not installed","Not installed","Not installed","Not installed"
"Committee Member content type (committee_member_content_type)","Not installed","Not installed","Not installed","Not installed","Not installed"
"Education Book (education_book)","Not installed","Not installed","Not installed","Not installed","Not installed"
"Presentation Content Type (presentation_content_type)","Not installed","Not installed","Not installed","Not installed","Not installed"
"Product Activation (product_activation)","Not installed","Not installed","Not installed","Not installed","Not installed"
"AM Microsite Theme Helper module (am_theme_helper)","Not installed","Not installed","Not installed","Not installed","Not installed"
"ASCO Brightcove Responsive (asco_brightcove_responsive)",Disabled,"Not installed","Not installed","Not installed","Not installed"
"ASCO Configuration Control (asco_config)","Not installed","Not installed","Not installed","Not installed","Not installed"
"ASCO Facet Tracker (asco_facet_tracker)",Disabled,"Not installed","Not installed","Not installed","Not installed"
"ASCO Return Tray (asco_return_tray)","Not installed","Not installed","Not installed","Not installed","Not installed"
"ASCO Solr Format (asco_solr_format)","Not installed",Disabled,"Not installed","Not installed","Not installed"
"ASCO Solr Site Picker (asco_solr_sitepicker)","Not installed","Not installed","Not installed","Not installed","Not installed"
"ASCO.org Theme Helper module (asco_theme_helper)","Not installed","Not installed","Not installed","Not installed","Not installed"
"BCS Microsite Theme Helper module (bcs_theme_helper)","Not installed","Not installed","Not installed","Not installed","Not installed"
"Global Views Litepager (global_views_litepager)","Not installed","Not installed","Not installed","Not installed","Not installed"
"Meeting Library Theme Helper module (ml_theme_helper)","Not installed","Not installed","Not installed","Not installed","Not installed"
"Microsites SOLR Hash (microsite_solr_hash)","Not installed","Not installed","Not installed","Not installed","Not installed"
"User Login Panel (user_login_panel)","Not installed","Not installed","Not installed","Not installed","Not installed"
"Bean (bean)","Not installed","Not installed","Not installed","Not installed","Not installed"
"Bean Admin UI (bean_admin_ui)","Not installed","Not installed","Not installed","Not installed","Not installed"
"Bean Usage (bean_usage)","Not installed","Not installed","Not installed","Not installed","Not installed"
"Bean UUID (bean_uuid)","Not installed","Not installed","Not installed","Not installed","Not installed"
"Chaos Tools (CTools) AJAX Example (ctools_ajax_sample)","Not installed","Not installed","Not installed","Not installed","Not installed"
"Chaos Tools (CTools) Plugin Example (ctools_plugin_example)","Not installed","Not installed","Not installed","Not installed","Not installed"
"Custom content panes (ctools_custom_content)","Not installed","Not installed","Not installed","Not installed","Not installed"
"Custom rulesets (ctools_access_ruleset)","Not installed","Not installed","Not installed","Not installed","Not installed"
"Stylizer (stylizer)","Not installed","Not installed","Not installed","Not installed","Not installed"
"Term Depth access (term_depth)","Not installed","Not installed","Not installed","Not installed","Not installed"
"Charts (charts)","Not installed","Not installed","Not installed","Not installed","Not installed"
"Google Charts (charts_google)","Not installed","Not installed","Not installed","Not installed","Not installed"
"Highcharts (charts_highcharts)","Not installed","Not installed","Not installed","Not installed","Not installed"
"Context Accordion (context_accordion)","Not installed","Not installed","Not installed","Not installed","Not installed"
"Context Entity Field (context_entity_field)","Not installed","Not installed","Not installed","Not installed","Not installed"
"Context error (context_error)","Not installed","Not installed","Not installed","Not installed","Not installed"
"Context HTTP Header (context_http_header)","Not installed","Not installed","Not installed","Not installed","Not installed"
"Context layouts (context_layouts)","Not installed","Not installed","Not installed","Not installed","Not installed"
"ASCO BOA (asco_boa)","Not installed","Not installed","Not installed","Not installed","Not installed"
"ASCO Meeting Library (asco_meeting_library)","Not installed","Not installed","Not installed","Not installed","Not installed"
"Custom breadcrumbs (custom_breadcrumbs)",Disabled,"Not installed","Not installed","Not installed","Not installed"
"Custom breadcrumbs API (custom_breadcrumbsapi)",Disabled,"Not installed","Not installed","Not installed","Not installed"
"Custom breadcrumbs for panels (custom_breadcrumbs_panels)",Disabled,"Not installed","Not installed","Not installed","Not installed"
"Custom breadcrumbs for paths (custom_breadcrumbs_paths)",Disabled,"Not installed","Not installed","Not installed","Not installed"
"Custom breadcrumbs for taxonomy (custom_breadcrumbs_taxonomy)","Not installed","Not installed","Not installed","Not installed","Not installed"
"Custom breadcrumbs for views (custom_breadcrumbs_views)","Not installed","Not installed","Not installed","Not installed","Not installed"
"Custom breadcrumbs identifiers (custom_breadcrumbs_identifiers)","Not installed","Not installed","Not installed","Not installed","Not installed"
"Date Repeat API (date_repeat)","Not installed","Not installed","Not installed","Not installed","Not installed"
"Date Repeat Field (date_repeat_field)","Not installed","Not installed","Not installed","Not installed","Not installed"
"Date Tools (date_tools)","Not installed","Not installed","Not installed","Not installed","Not installed"
"Coder (coder)","Not installed","Not installed","Not installed","Not installed","Not installed"
"Coder Review (coder_review)","Not installed","Not installed","Not installed","Not installed","Not installed"
"Coder Upgrade (coder_upgrade)","Not installed","Not installed","Not installed","Not installed","Not installed"
"Devel generate (devel_generate)",Disabled,"Not installed","Not installed","Not installed","Not installed"
"Devel node access (devel_node_access)","Not installed","Not installed","Not installed","Not installed","Not installed"
"Hacked! (hacked)","Not installed","Not installed","Not installed","Not installed","Not installed"
"Metatag: Devel (metatag_devel)","Not installed","Not installed","Not installed","Not installed","Not installed"
"Migrate Extras (migrate_extras)","Not installed","Not installed","Not installed","Not installed","Not installed"
"Nodequeue generate (nodequeue_generate)","Not installed","Not installed","Not installed","Not installed","Not installed"
"Solr Devel (solr_devel)","Not installed","Not installed","Not installed","Not installed","Not installed"
"xhprof (xhprof)","Not installed",Disabled,"Not installed","Not installed","Not installed"
"XHProf MongoDB (xhprof_mongodb)","Not installed","Not installed","Not installed","Not installed","Not installed"
"Domain Access (domain)","Not installed","Not installed","Not installed","Not installed","Not installed"
"Domain Alias (domain_alias)","Not installed","Not installed","Not installed","Not installed","Not installed"
"Domain Configuration (domain_conf)","Not installed","Not installed","Not installed","Not installed","Not installed"
"Domain Content (domain_content)","Not installed","Not installed","Not installed","Not installed","Not installed"
"Domain Navigation (domain_nav)","Not installed","Not installed","Not installed","Not installed","Not installed"
"Domain Settings (domain_settings)","Not installed","Not installed","Not installed","Not installed","Not installed"
"Domain Source (domain_source)","Not installed","Not installed","Not installed","Not installed","Not installed"
"Domain Strict (domain_strict)","Not installed","Not installed","Not installed","Not installed","Not installed"
"Domain Theme (domain_theme)","Not installed","Not installed","Not installed","Not installed","Not installed"
"ECK Example (eck_example)","Not installed","Not installed","Not installed","Not installed","Not installed"
"ECK Services (eck_services)","Not installed","Not installed","Not installed","Not installed","Not installed"
"Entity Construction Kit (eck)","Not installed","Not installed","Not installed","Not installed","Not installed"
"Entity Connect (entityconnect)","Not installed","Not installed","Not installed","Not installed","Not installed"
"Authcache User Cookie (authcache_usercookie)",Disabled,"Not installed","Not installed","Not installed","Not installed"
"Simple Dialog Example (simple_dialog_example)","Not installed","Not installed","Not installed","Not installed","Not installed"
"Variable example (variable_example)","Not installed","Not installed","Not installed","Not installed","Not installed"
"ASCO Login Page (asco_login_page)","Not installed","Not installed","Not installed","Not installed","Not installed"
"Cancer Type Summary (cancer_type_summary)","Not installed","Not installed","Not installed","Not installed","Not installed"
"Date Migration Example (date_migrate_example)","Not installed","Not installed","Not installed","Not installed","Not installed"
"Example rule: Promotion syncronization (example_rule_promotion_syncronization)","Not installed","Not installed","Not installed","Not installed","Not installed"
"Example rules: Create promotion (example_rules_create_promotion)","Not installed","Not installed","Not installed","Not installed","Not installed"
"Example rules: Login redirect (example_rules_login_redirect)","Not installed","Not installed","Not installed","Not installed","Not installed"
"Meeting Program content type (meeting_program_content_type)","Not installed","Not installed","Not installed","Not installed","Not installed"
"Notify node authors about new comments (notify_node_authors_about_new_comments)",Disabled,"Not installed","Not installed","Not installed","Not installed"
"Notify on comment replies (notify_on_comment_replies)",Disabled,"Not installed","Not installed","Not installed","Not installed"
"OG example (og_example)","Not installed","Not installed","Not installed","Not installed","Not installed"
"UUID Services Example (uuid_services_example)","Not installed","Not installed","Not installed","Not installed","Not installed"
"FE Block (fe_block)","Not installed","Not installed","Not installed","Not installed","Not installed"
"FE Date (fe_date)","Not installed","Not installed","Not installed","Not installed","Not installed"
"FE Profile (fe_profile)","Not installed","Not installed","Not installed","Not installed","Not installed"
"Feeds News (feeds_news)","Not installed","Not installed","Not installed","Not installed","Not installed"
"JSONPath Parser (feeds_jsonpath_parser)",Disabled,"Not installed","Not installed","Not installed","Not installed"
"Block reference (blockreference)","Not installed","Not installed","Not installed","Not installed","Not installed"
"Computed Field (computed_field)","Not installed","Not installed","Not installed","Not installed","Not installed"
"Conditional Fields (conditional_fields)","Not installed","Not installed","Not installed","Not installed","Not installed"
"Email (email)","Not installed","Not installed","Not installed","Not installed","Not installed"
"Entity Reference Behavior Example (entityreference_behavior_example)","Not installed","Not installed","Not installed","Not installed","Not installed"
"Field Formatter Class (field_formatter_class)","Not installed","Not installed","Not installed","Not installed","Not installed"
"File Field Sources (filefield_sources)","Not installed","Not installed","Not installed","Not installed","Not installed"
"Font Reference (font_reference)","Not installed","Not installed","Not installed","Not installed","Not installed"
"Inline Entity Form (inline_entity_form)","Not installed","Not installed","Not installed","Not installed","Not installed"
"Menu Field (menufield)","Not installed","Not installed","Not installed","Not installed","Not installed"
"References dialog (references_dialog)","Not installed","Not installed","Not installed","Not installed","Not installed"
"References UUID (references_uuid)","Not installed","Not installed","Not installed","Not installed","Not installed"
"SliderField Example (sliderfield_example)","Not installed","Not installed","Not installed","Not installed","Not installed"
"Title (title)","Not installed","Not installed","Not installed","Not installed","Not installed"
"View reference (viewreference)","Not installed","Not installed","Not installed","Not installed","Not installed"
"Hierarchical Select Entity Reference (hser)","Not installed","Not installed","Not installed","Not installed","Not installed"
"Hierarchical Select Flat List (hs_flatlist)","Not installed","Not installed","Not installed","Not installed","Not installed"
"Hierarchical Select Menu (hs_menu)","Not installed","Not installed","Not installed","Not installed","Not installed"
"Hierarchical Select Small Hierarchy (hs_smallhierarchy)","Not installed","Not installed","Not installed","Not installed","Not installed"
"GICASYM Tagging (gicasym_tag)","Not installed","Not installed","Not installed","Not installed","Not installed"
"Caption Filter (caption_filter)","Not installed","Not installed","Not installed","Not installed","Not installed"
"Image resize filter (image_resize_filter)","Not installed","Not installed","Not installed","Not installed","Not installed"
"Typogrify (typogrify)","Not installed","Not installed","Not installed","Not installed","Not installed"
"IMCE Directory Manager (imce_dir_man)","Not installed","Not installed","Not installed","Not installed","Not installed"
"IMCE File Path (imce_file_path)","Not installed","Not installed","Not installed","Not installed","Not installed"
"Media Bulk Upload (media_bulk_upload)","Not installed","Not installed","Not installed","Not installed","Not installed"
"Media WYSIWYG View Mode (media_wysiwyg_view_mode)","Not installed","Not installed","Not installed","Not installed","Not installed"
"Plupload integration module (plupload)","Not installed","Not installed","Not installed","Not installed","Not installed"
"Video Embed Brightcove (video_embed_brightcove)","Not installed","Not installed","Not installed","Not installed","Not installed"
"Video Embed Facebook (video_embed_facebook)","Not installed","Not installed","Not installed","Not installed","Not installed"
"Meeting Library Tagging update (ml_tagging_update)","Not installed","Not installed","Not installed","Not installed","Not installed"
"Menu Minipanels (menu_minipanels)","Not installed","Not installed","Not installed","Not installed","Not installed"
"Migrate Extras Media (migrate_extras_media)","Not installed","Not installed","Not installed","Not installed","Not installed"
"Migrate Extras Pathauto Example (migrate_extras_pathauto)","Not installed","Not installed","Not installed","Not installed","Not installed"
"Migrate Extras Profile2 Example (migrate_extras_profile2)","Not installed","Not installed","Not installed","Not installed","Not installed"
"Migrate Example (migrate_example)","Not installed","Not installed","Not installed","Not installed","Not installed"
"Migrate example - Oracle (migrate_example_oracle)","Not installed","Not installed","Not installed","Not installed","Not installed"
"migrate_example_baseball (migrate_example_baseball)","Not installed","Not installed","Not installed","Not installed","Not installed"
"Browscap (Mobile Tools contrib) (mt_browscap)","Not installed","Not installed","Not installed","Not installed","Not installed"
"Mobile Tools (mobile_tools)","Not installed","Not installed","Not installed","Not installed","Not installed"
"Mobile Tools Roles (mobile_tools_roles)","Not installed","Not installed","Not installed","Not installed","Not installed"
"Modernizr (modernizr)","Not installed","Not installed","Not installed","Not installed","Not installed"
"Contact translation (i18n_contact)","Not installed","Not installed","Not installed","Not installed","Not installed"
"Field translation (i18n_field)","Not installed","Not installed","Not installed","Not installed","Not installed"
"Multilingual forum (i18n_forum)","Not installed","Not installed","Not installed","Not installed","Not installed"
"Multilingual select (i18n_select)","Not installed","Not installed","Not installed","Not installed","Not installed"
"Path Breadcrumbs translation (path_breadcrumbs_i18n)","Not installed","Not installed","Not installed","Not installed","Not installed"
"Profile2 translation (profile2_i18n)","Not installed","Not installed","Not installed","Not installed","Not installed"
"Rules translation (rules_i18n)","Not installed","Not installed","Not installed","Not installed","Not installed"
"Synchronize translations (i18n_sync)","Not installed","Not installed","Not installed","Not installed","Not installed"
"Translation redirect (i18n_redirect)","Not installed","Not installed","Not installed","Not installed","Not installed"
"User mail translation (i18n_user)","Not installed","Not installed","Not installed","Not installed","Not installed"
"Variable translation (i18n_variable)","Not installed","Not installed","Not installed","Not installed","Not installed"
"Node export book (node_export_book)","Not installed",Disabled,"Not installed","Not installed","Not installed"
"Node Export Features UI (node_export_features_ui)","Not installed","Not installed","Not installed","Not installed","Not installed"
"Node export feeds (node_export_feeds)","Not installed","Not installed","Not installed","Not installed","Not installed"
"Node export relation (deprecated) (node_export_relation)","Not installed","Not installed","Not installed","Not installed","Not installed"
"Nodequeue Service (nodequeue_service)","Not installed","Not installed","Not installed","Not installed","Not installed"
"Smartqueue taxonomy (smartqueue)","Not installed","Not installed","Not installed","Not installed","Not installed"
"OM Maximenu (om_maximenu)","Not installed","Not installed","Not installed","Not installed","Not installed"
"OpenCalais (opencalais)","Not installed","Not installed","Not installed","Not installed","Not installed"
"OpenCalais API (opencalais_api)","Not installed","Not installed","Not installed","Not installed","Not installed"
"Opencalais Defaults (opencalais_defaults)","Not installed","Not installed","Not installed","Not installed","Not installed"
"Organic Groups - Change Manager (og_manager_change)","Not installed","Not installed","Not installed","Not installed","Not installed"
"Organic groups field access (og_field_access)","Not installed","Not installed","Not installed","Not installed","Not installed"
"Organic groups register (og_register)","Not installed","Not installed","Not installed","Not installed","Not installed"
"Profile2 group access (profile2_og_access)","Not installed","Not installed","Not installed","Not installed","Not installed"
"Adaptive Image (adaptive_image)","Not installed","Not installed","Not installed","Not installed","Not installed"
"AddThis (addthis)","Not installed",Disabled,"Not installed","Not installed","Not installed"
"Administer Users by Role (administerusersbyrole)","Not installed","Not installed","Not installed","Not installed","Not installed"
"Bean: Relevant Content (bean_relevant)","Not installed","Not installed","Not installed","Not installed","Not installed"
"Bulk Delete (bulkdelete)","Not installed","Not installed","Not installed","Not installed","Not installed"
"Cache Exclude (cacheexclude)","Not installed","Not installed","Not installed","Not installed","Not installed"
"Cancer Left Side Menu (cancer_leftside_menu)","Not installed","Not installed","Not installed","Not installed","Not installed"
"Cancer.net blog filter (blog_date_filter)","Not installed","Not installed","Not installed","Not installed","Not installed"
"Chain Menu Access API (chain_menu_access)","Not installed","Not installed","Not installed","Not installed","Not installed"
"Crazy Egg (crazyegg)","Not installed",Disabled,"Not installed","Not installed","Not installed"
"Custom submit messages (csm)","Not installed","Not installed","Not installed","Not installed","Not installed"
"DHTML Menu (dhtml_menu)","Not installed","Not installed","Not installed","Not installed","Not installed"
"Empty Page (empty_page)","Not installed","Not installed","Not installed","Not installed","Not installed"
"Fast 404 (fast_404)","Not installed","Not installed","Not installed","Not installed","Not installed"
"Field formatter settings API (field_formatter_settings)","Not installed","Not installed","Not installed","Not installed","Not installed"
"Flood control (flood_control)","Not installed","Not installed","Not installed","Not installed","Not installed"
"HTML Purifier (htmlpurifier)","Not installed","Not installed","Not installed","Not installed","Not installed"
"Insert (insert)","Not installed","Not installed","Not installed","Not installed","Not installed"
"IP Ranges (ip_ranges)","Not installed","Not installed","Not installed","Not installed","Not installed"
"Job Scheduler Trigger (job_scheduler_trigger)","Not installed","Not installed","Not installed","Not installed","Not installed"
"Kampyle (kampyle_feedback)","Not installed",Disabled,"Not installed","Not installed","Not installed"
"LESS CSS Preprocessor (less)","Not installed","Not installed","Not installed","Not installed","Not installed"
"LESS CSS Preprocessor - DEMO (less_demo)","Not installed","Not installed","Not installed","Not installed","Not installed"
"Lexicon (lexicon)","Not installed","Not installed","Not installed","Not installed","Not installed"
"Login Destination (login_destination)","Not installed","Not installed","Not installed","Not installed","Not installed"
"LoginToboggan Content Access Integration (logintoboggan_content_access_integration)","Not installed","Not installed","Not installed","Not installed","Not installed"
"LoginToboggan Rules Integration (logintoboggan_rules)","Not installed","Not installed","Not installed","Not installed","Not installed"
"LoginToboggan Variable Integration (logintoboggan_variable)","Not installed","Not installed","Not installed","Not installed","Not installed"
"Meeting Library Blocks (ml_blocks)","Not installed","Not installed","Not installed","Not installed","Not installed"
"Menu Bean (menu_bean)","Not installed","Not installed","Not installed","Not installed","Not installed"
"Menu breadcrumb (menu_breadcrumb)","Not installed",Disabled,"Not installed","Not installed","Not installed"
"Messages Alter (messages_alter)","Not installed","Not installed","Not installed","Not installed","Not installed"
"Nice Menus (nice_menus)","Not installed","Not installed","Not installed","Not installed","Not installed"
"Optimizely (optimizely)","Not installed",Disabled,"Not installed","Not installed","Not installed"
"Primary and Secondary Link Blocks (pslinkblocks)","Not installed","Not installed","Not installed","Not installed","Not installed"
"Profile2 (profile2)","Not installed","Not installed","Not installed","Not installed","Not installed"
"Profile2 pages (profile2_page)","Not installed","Not installed","Not installed","Not installed","Not installed"
"Quicktabs Styles (quicktabs_tabstyles)",Disabled,"Not installed","Not installed","Not installed","Not installed"
"Rabbit Hole beans (rh_bean)","Not installed","Not installed","Not installed","Not installed","Not installed"
"Rabbit Hole field collections (rh_field_collection)","Not installed","Not installed","Not installed","Not installed","Not installed"
"Rabbit Hole files (rh_file)","Not installed","Not installed","Not installed","Not installed","Not installed"
"Rabbit Hole Profile2 (rh_profile2)","Not installed","Not installed","Not installed","Not installed","Not installed"
"Rabbit Hole users (rh_user)",Disabled,"Not installed","Not installed","Not installed","Not installed"
"RSS category (rss_category)","Not installed","Not installed","Not installed","Not installed","Not installed"
"RSS creator (rss_creator)","Not installed","Not installed","Not installed","Not installed","Not installed"
"RSS date (rss_date)","Not installed","Not installed","Not installed","Not installed","Not installed"
"RSS GeoRSS (rss_georss)","Not installed","Not installed","Not installed","Not installed","Not installed"
"Secure Login (securelogin)","Not installed","Not installed","Not installed","Not installed","Not installed"
"Social Share (social_share)","Not installed","Not installed","Not installed","Not installed","Not installed"
"Special menu items (special_menu_items)","Not installed","Not installed","Not installed","Not installed","Not installed"
"Style guide (styleguide)","Not installed","Not installed","Not installed","Not installed","Not installed"
"Style guide palette (styleguide_palette)","Not installed","Not installed","Not installed","Not installed","Not installed"
"Tab Tamer (tabtamer)","Not installed","Not installed","Not installed","Not installed","Not installed"
"Token Filter (token_filter)","Not installed","Not installed","Not installed","Not installed","Not installed"
"X Autoload (xautoload)","Not installed","Not installed","Not installed","Not installed","Not installed"
"Path Breadcrumbs (path_breadcrumbs)",Disabled,"Not installed","Not installed","Not installed","Not installed"
"Path Breadcrumbs UI (path_breadcrumbs_ui)",Disabled,"Not installed","Not installed","Not installed","Not installed"
"Authcache Builtin Cache Expiration v1 (authcache_builtin_expire_v1)","Not installed","Not installed","Not installed","Not installed","Not installed"
"Authcache Builtin Cache Expiration v2 (authcache_builtin_expire_v2)","Not installed","Not installed","Not installed","Not installed","Not installed"
"Authcache Commerce (authcache_commerce)","Not installed","Not installed","Not installed","Not installed","Not installed"
"Authcache Debug (authcache_debug)",Disabled,"Not installed","Not installed","Not installed","Not installed"
"Authcache Enumerate (authcache_enum)","Not installed","Not installed","Not installed","Not installed","Not installed"
"Authcache ESI (authcache_esi)",Disabled,"Not installed","Not installed","Not installed","Not installed"
"Authcache ESI Debug (authcache_esi_debug)",Disabled,"Not installed","Not installed","Not installed","Not installed"
"Authcache Field (authcache_field)",Disabled,"Not installed","Not installed","Not installed","Not installed"
"Authcache Forum (authcache_forum)","Not installed","Not installed","Not installed","Not installed","Not installed"
"Authcache Menu (authcache_menu)",Disabled,"Not installed","Not installed","Not installed","Not installed"
"Authcache Node History (authcache_node_history)","Not installed","Not installed","Not installed","Not installed","Not installed"
"Authcache Poll (authcache_poll)",Disabled,"Not installed","Not installed","Not installed","Not installed"
"Authcache Relation (authcache_relation)","Not installed","Not installed","Not installed","Not installed","Not installed"
"Authcache Ubercart (authcache_ubercart)","Not installed","Not installed","Not installed","Not installed","Not installed"
"Authcache Varnish Storage Backend (authcache_varnish)","Not installed","Not installed","Not installed","Not installed","Not installed"
"Authcache Voting API (authcache_votingapi)","Not installed","Not installed","Not installed","Not installed","Not installed"
"Bean - Entitycache (bean_entitycache)","Not installed","Not installed","Not installed","Not installed","Not installed"
"Cache Expiration (expire)","Not installed","Not installed","Not installed","Not installed","Not installed"
"ECK - Entitycache (eck_entitycache)","Not installed","Not installed","Not installed","Not installed","Not installed"
"HTTP Parallel Request Library (httprl)",Disabled,Disabled,"Not installed","Not installed","Not installed"
"Memcache Admin (memcache_admin)",Disabled,Disabled,"Not installed","Not installed","Not installed"
"PDF version (print_pdf)","Not installed",Disabled,"Not installed","Not installed","Not installed"
"Printer-friendly pages (print)","Not installed",Disabled,"Not installed","Not installed","Not installed"
"Send by email (print_mail)","Not installed","Not installed","Not installed","Not installed","Not installed"
"AJAX Quiz (ajax_quiz)","Not installed","Not installed","Not installed","Not installed","Not installed"
"Quiz Statistics (quiz_stats)","Not installed","Not installed","Not installed","Not installed","Not installed"
"Long Answer (long_answer)","Not installed","Not installed","Not installed","Not installed","Not installed"
"Matching question (matching)","Not installed","Not installed","Not installed","Not installed","Not installed"
"Quiz Direction (quiz_directions)","Not installed","Not installed","Not installed","Not installed","Not installed"
"Short Answer (short_answer)","Not installed","Not installed","Not installed","Not installed","Not installed"
"True False (truefalse)","Not installed","Not installed","Not installed","Not installed","Not installed"
"Respond.js (respondjs)","Not installed","Not installed","Not installed","Not installed","Not installed"
"Batched Rules (rb_batch)","Not installed","Not installed","Not installed","Not installed","Not installed"
"Rules Bonus: Block (rb_block)","Not installed","Not installed","Not installed","Not installed","Not installed"
"Rules Bonus: Miscellaneous (rb_misc)","Not installed","Not installed","Not installed","Not installed","Not installed"
"Rules Bonus: Theme (rb_theme)","Not installed","Not installed","Not installed","Not installed","Not installed"
"Rules Bonus: Think twice (rb_thinktwice)","Not installed","Not installed","Not installed","Not installed","Not installed"
"Rules Bonus: Views (rb_views)","Not installed","Not installed","Not installed","Not installed","Not installed"
"Rules Scheduler (rules_scheduler)","Not installed","Not installed","Not installed","Not installed","Not installed"
"Search Autocomplete (search_autocomplete)","Not installed","Not installed","Not installed","Not installed","Not installed"
"Apache Solr Access (apachesolr_access)","Not installed",Disabled,"Not installed","Not installed","Not installed"
"Apache Solr File (apachesolr_file)","Not installed",Disabled,"Not installed","Not installed","Not installed"
"Current Search Blocks (current_search)","Not installed",Disabled,"Not installed","Not installed","Not installed"
"Metatag Importer (metatag_importer)","Not installed","Not installed","Not installed","Not installed","Not installed"
"Metatag: App Links (metatag_app_links)","Not installed","Not installed","Not installed","Not installed","Not installed"
"Metatag: Context (metatag_context)","Not installed","Not installed","Not installed","Not installed","Not installed"
"Metatag: Dublin Core (metatag_dc)","Not installed","Not installed","Not installed","Not installed","Not installed"
"Metatag: Dublin Core Advanced (metatag_dc_advanced)","Not installed","Not installed","Not installed","Not installed","Not installed"
"Metatag: favicons (metatag_favicons)","Not installed","Not installed","Not installed","Not installed","Not installed"
"Metatag: Google Custom Search Engine (CSE) (metatag_google_cse)","Not installed","Not installed","Not installed","Not installed","Not installed"
"Metatag: Google+ (metatag_google_plus)","Not installed","Not installed","Not installed","Not installed","Not installed"
"Metatag: hreflang (metatag_hreflang)","Not installed","Not installed","Not installed","Not installed","Not installed"
"Metatag: Mobile & UI Adjustments (metatag_mobile)","Not installed","Not installed","Not installed","Not installed","Not installed"
"Metatag: OpenGraph Products (metatag_opengraph_products)","Not installed","Not installed","Not installed","Not installed","Not installed"
"Metatag: Views (metatag_views)","Not installed","Not installed","Not installed","Not installed","Not installed"
"Service links (service_links)",Disabled,"Not installed","Not installed","Not installed","Not installed"
"Service Links Displays (service_links_displays)","Not installed","Not installed","Not installed","Not installed","Not installed"
"Service Links Sprites (service_links_sprites)","Not installed","Not installed","Not installed","Not installed","Not installed"
"Basque Services (basque_services)","Not installed","Not installed","Not installed","Not installed","Not installed"
"Dutch Services (dutch_services)","Not installed","Not installed","Not installed","Not installed","Not installed"
"Farsi Services (farsi_services)","Not installed","Not installed","Not installed","Not installed","Not installed"
"Favorite Services (favorite_services)","Not installed","Not installed","Not installed","Not installed","Not installed"
"Forward Services (forward_services)","Not installed","Not installed","Not installed","Not installed","Not installed"
"General Services (general_services)","Not installed","Not installed","Not installed","Not installed","Not installed"
"German Services (german_services)","Not installed","Not installed","Not installed","Not installed","Not installed"
"Hungarian Services (hungarian_services)","Not installed","Not installed","Not installed","Not installed","Not installed"
"Italian Services (italian_services)","Not installed","Not installed","Not installed","Not installed","Not installed"
"Polish Services (polish_services)","Not installed","Not installed","Not installed","Not installed","Not installed"
"Print Services (print_services)","Not installed","Not installed","Not installed","Not installed","Not installed"
"Russian Services (russian_services)","Not installed","Not installed","Not installed","Not installed","Not installed"
"Spanish Services (spanish_services)","Not installed","Not installed","Not installed","Not installed","Not installed"
"Swedish Services (swedish_services)","Not installed","Not installed","Not installed","Not installed","Not installed"
"Widget Services (widget_services)",Disabled,"Not installed","Not installed","Not installed","Not installed"
"Services Entity (services_entity)","Not installed","Not installed","Not installed","Not installed","Not installed"
"Services Entity Reference (services_entityreference)","Not installed","Not installed","Not installed","Not installed","Not installed"
"Web service client examples (wsclient_examples)","Not installed","Not installed","Not installed","Not installed","Not installed"
"Web service client REST (wsclient_rest)","Not installed","Not installed","Not installed","Not installed","Not installed"
"Web service client Tester (wsclient_tester)","Not installed","Not installed","Not installed","Not installed","Not installed"
"Web service client UI (wsclient_ui)","Not installed","Not installed","Not installed","Not installed","Not installed"
"OAuth Authentication (services_oauth)","Not installed","Not installed","Not installed","Not installed","Not installed"
"UUID Services (uuid_services)","Not installed","Not installed","Not installed","Not installed","Not installed"
"XMLRPC Server (xmlrpc_server)","Not installed","Not installed","Not installed","Not installed","Not installed"
"ShareThis (sharethis)",Disabled,"Not installed","Not installed","Not installed","Not installed"
"Social media (socialmedia)","Not installed","Not installed","Not installed","Not installed","Not installed"
"ASCO Analytics (ascoanalytics)",Disabled,Disabled,"Not installed","Not installed","Not installed"
"ASCO Clicktale (asco_clicktale)","Not installed","Not installed","Not installed","Not installed","Not installed"
"Google Analytics (googleanalytics)","Not installed",Disabled,"Not installed","Not installed","Not installed"
"Omniture (Deprecated) (omniture)",Disabled,Disabled,"Not installed","Not installed","Not installed"
"Omniture Ext (omniture_ext)","Not installed","Not installed","Not installed","Not installed","Not installed"
"Taxonomy menu (taxonomy_menu)",Disabled,"Not installed","Not installed","Not installed","Not installed"
"Features Extra test feature (features_extra_test)","Not installed","Not installed","Not installed","Not installed","Not installed"
"Delta Color (delta_color)","Not installed","Not installed","Not installed","Not installed","Not installed"
"Omega Tools (omega_tools)","Not installed",Disabled,"Not installed","Not installed","Not installed"
"Accordion menu (accordion_menu)","Not installed","Not installed","Not installed","Not installed","Not installed"
"BeautyTips API (beautytips)","Not installed","Not installed","Not installed","Not installed","Not installed"
"BeautyTips Manager (beautytips_manager)","Not installed","Not installed","Not installed","Not installed","Not installed"
"BeautyTips UI (beautytips_ui)","Not installed","Not installed","Not installed","Not installed","Not installed"
"EIM (eim)","Not installed","Not installed","Not installed","Not installed","Not installed"
"External Links (extlink)","Not installed","Not installed","Not installed","Not installed","Not installed"
"IMCE Wysiwyg API bridge (imce_wysiwyg)","Not installed","Not installed","Not installed","Not installed","Not installed"
"Submenu Tree (submenutree)","Not installed","Not installed","Not installed","Not installed","Not installed"
"Uniform (uniform)","Not installed","Not installed","Not installed","Not installed","Not installed"
"UUID Path (uuid_path)","Not installed","Not installed","Not installed","Not installed","Not installed"
"Variable admin (variable_admin)","Not installed","Not installed","Not installed","Not installed","Not installed"
"Variable realm (variable_realm)","Not installed","Not installed","Not installed","Not installed","Not installed"
"Variable store (variable_store)","Not installed","Not installed","Not installed","Not installed","Not installed"
"Variable views (variable_views)","Not installed","Not installed","Not installed","Not installed","Not installed"
"argument_taxonomy_term_id_og (argument_taxonomy_term_id_og)","Not installed","Not installed","Not installed","Not installed","Not installed"
"Responsive data tables (views_responsive_data_tables)","Not installed","Not installed","Not installed","Not installed","Not installed"
"Views Accordion (views_accordion)","Not installed","Not installed","Not installed","Not installed","Not installed"
"Views Column Class (views_column_class)","Not installed","Not installed","Not installed","Not installed","Not installed"
"Views Slideshow Simple Pager (views_slideshow_simple_pager)","Not installed","Not installed","Not installed","Not installed","Not installed"
"Webform AJAX (webform_ajax)","Not installed","Not installed","Not installed","Not installed","Not installed"
"Webform Conditional (webform_conditional)","Not installed","Not installed","Not installed","Not installed","Not installed"
"Webform Submissions Multiple Delete (webform_submissions_multiple_delete)","Not installed","Not installed","Not installed","Not installed","Not installed"
"Field collection workbench moderation (field_collection_wbm)","Not installed","Not installed","Not installed","Not installed","Not installed"
"Workbench Access (workbench_access)","Not installed","Not installed","Not installed","Not installed","Not installed"
"XML sitemap taxonomy (xmlsitemap_taxonomy)","Not installed","Not installed","Not installed","Not installed","Not installed"
"XML sitemap user (xmlsitemap_user)","Not installed","Not installed","Not installed","Not installed","Not installed"
